{
    "1495": 1495,
    "first_time": false,
    "version": "0.10.1",
    "power": "Bizarre",
    "tuning": "2✎",
    "enrich": "46 on Speed",
    "mp": "1,569",
    "pet": "&6Glacite Golem",
    "gummy": 0,
    "wisp": 0,
    "mobsHighlight": {},
    "standList": [
        ""
    ],
    "playerList": [
        ""
    ],
    "lastMinis": [],
    "flare": {
        "kills": 0,
        "xp": 0,
        "vanqs": 0
    },
    "ftL": [
        88.33333587646484,
        255.34140014648438,
        1
    ],
    "champL": [
        481.6666679382324,
        191.578369140625,
        1
    ],
    "poisonL": [
        653,
        400,
        1
    ],
    "blazeL": [
        568.3333549499512,
        97.43603515625,
        1
    ],
    "clockL": [
        7,
        429,
        1.2000000000000002
    ],
    "visitorL": [
        650,
        428,
        1
    ],
    "miniL": [
        21,
        331.12261962890625,
        1
    ],
    "legionL": [
        4.333343505859375,
        102.85768127441406,
        1
    ],
    "gyroL": [
        252.33334350585938,
        231.3050537109375,
        1
    ],
    "keyGuardL": [
        15,
        250,
        1
    ],
    "manaL": [
        439.33332443237305,
        186.57078552246094,
        1
    ],
    "mobCountL": [
        15,
        250,
        1
    ],
    "statsL": [
        1.3333282470703125,
        4.2952423095703125,
        1
    ],
    "petL": [
        2.3333511352539062,
        55.03858947753906,
        1
    ],
    "bestiaryL": [
        144.99998474121094,
        15.979568481445312,
        1
    ],
    "cropL": [
        638.3333129882812,
        8.30126953125,
        1
    ],
    "pestL": [
        197.6666717529297,
        42.352783203125,
        1
    ],
    "contestL": [
        313.3333511352539,
        9.63665771484375,
        1
    ],
    "commL": [
        0.6666946411132812,
        88.75619506835938,
        1
    ],
    "powderL": [
        2.3334388732910156,
        136.8289031982422,
        1
    ],
    "trophyL": [
        443.9999694824219,
        99.4427490234375,
        1
    ],
    "corpseL": [
        2.6666488647460938,
        176.5669708251953,
        1
    ],
    "customL": [
        83,
        429,
        1
    ],
    "modVer": "0.8.0",
    "lastMini": [],
    "-1": -1,
    "false": false,
    "true": true,
    "arg": 1465
}