{
    "first_time": false,
    "power": "Bizarre",
    "tuning": "155☠",
    "enrich": "46 on Magic Find",
    "mp": "1,552",
    "pet": "Golden Dragon",
    "gummy": -1,
    "wisp": -1,
    "mobsHighlight": {},
    "standList": [
        ""
    ],
    "playerList": [
        ""
    ],
    "lastMini": [],
    "flare": {
        "kills": 0,
        "xp": 0,
        "vanqs": 0
    },
    "ftL": [
        88.33333587646484,
        255.34140014648438,
        1
    ],
    "champL": [
        481.6666679382324,
        191.578369140625,
        1
    ],
    "poisonL": [
        653,
        400,
        1
    ],
    "blazeL": [
        568.3333549499512,
        97.43603515625,
        1
    ],
    "clockL": [
        4.66666316986084,
        429.60484313964844,
        1.2000000000000002
    ],
    "visitorL": [
        454.6666793823242,
        11.973480224609375,
        1
    ],
    "miniL": [
        21,
        331.12261962890625,
        1
    ],
    "legionL": [
        381,
        197,
        1
    ],
    "gyroL": [
        252.33334350585938,
        231.3050537109375,
        1
    ],
    "keyGuardL": [
        15,
        250,
        1
    ],
    "manaL": [
        439.33332443237305,
        186.57078552246094,
        1
    ],
    "mobCountL": [
        15,
        250,
        1
    ],
    "statsL": [
        1.6666641235351562,
        2.6260528564453125,
        1
    ],
    "petL": [
        4.0000152587890625,
        75.06886291503906,
        1
    ],
    "bestiaryL": [
        145.66665649414062,
        8.301284790039062,
        1
    ],
    "cropL": [
        638.3333129882812,
        8.30126953125,
        1
    ],
    "pestL": [
        147.00001525878906,
        8.6351318359375,
        1
    ],
    "contestL": [
        313.3333511352539,
        9.63665771484375,
        1
    ],
    "commL": [
        297.66666412353516,
        27.33001708984375,
        1
    ],
    "powderL": [
        482.00001525878906,
        33.67298889160156,
        1
    ],
    "trophyL": [
        335.6666564941406,
        7.30352783203125,
        1
    ],
    "customL": [
        473.0000114440918,
        15.3118896484375,
        1
    ]
}