{
    "first_time": false,
    "gummyTimeLeft": -66000,
    "wispTimeLeft": 300000,
    "api_key": "",
    "uuid": "5b3a9f44-e242-4ab4-a467-73ee68872e46",
    "pet": "Golden Dragon",
    "lastMini": [
        "&4Magma Boss",
        "&4Magma Boss",
        "&4Magma Boss",
        "&5Mage Outlaw"
    ],
    "intrests": [
        "hi"
    ],
    "ftL": [
        699,
        64,
        1
    ],
    "champL": [
        365,
        136,
        1
    ],
    "poisonL": [
        15,
        250,
        1
    ],
    "statsL": [
        697,
        15,
        1
    ],
    "blazeL": [
        359,
        170,
        1
    ],
    "clockL": [
        10,
        7,
        2.3499999999999996
    ],
    "rainL": [
        15,
        400,
        1
    ],
    "visitorL": [
        653,
        427,
        1
    ],
    "miniL": [
        112,
        7,
        1
    ],
    "legionL": [
        605,
        315,
        1
    ],
    "bobbinL": [
        321,
        153,
        1
    ],
    "gyroL": [
        490,
        220,
        1.2500000000000002
    ],
    "alignL": [
        490,
        198,
        1.3000000000000003
    ],
    "name": "nwjn",
    "skyblockVersion": "",
    "lastSkyblockUpdateTime": 0,
    "power": "Fortuitous"
}