{
    "1495": 1495,
    "first_time": false,
    "version": "0.9.8",
    "power": "Warrior",
    "tuning": "233✦",
    "enrich": "46 on Speed",
    "mp": "1,558",
    "pet": "&6Mole",
    "gummy": 0,
    "wisp": 0,
    "mobsHighlight": {},
    "standList": [
        ""
    ],
    "playerList": [
        ""
    ],
    "lastMinis": [],
    "flare": {
        "kills": 0,
        "xp": 0,
        "vanqs": 0
    },
    "ftL": [
        88.33333587646484,
        255.34140014648438,
        1
    ],
    "champL": [
        481.6666679382324,
        191.578369140625,
        1
    ],
    "poisonL": [
        653,
        400,
        1
    ],
    "blazeL": [
        568.3333549499512,
        97.43603515625,
        1
    ],
    "clockL": [
        7,
        429,
        1.2000000000000002
    ],
    "visitorL": [
        462.33336639404297,
        21.65478515625,
        1
    ],
    "miniL": [
        21,
        331.12261962890625,
        1
    ],
    "legionL": [
        4.333343505859375,
        102.85768127441406,
        1
    ],
    "gyroL": [
        252.33334350585938,
        231.3050537109375,
        1
    ],
    "keyGuardL": [
        15,
        250,
        1
    ],
    "manaL": [
        439.33332443237305,
        186.57078552246094,
        1
    ],
    "mobCountL": [
        15,
        250,
        1
    ],
    "statsL": [
        1.3333282470703125,
        4.2952423095703125,
        1
    ],
    "petL": [
        4.0000152587890625,
        74.40119934082031,
        1
    ],
    "bestiaryL": [
        144.99998474121094,
        15.979568481445312,
        1
    ],
    "cropL": [
        638.3333129882812,
        8.30126953125,
        1
    ],
    "pestL": [
        197.6666717529297,
        42.352783203125,
        1
    ],
    "contestL": [
        313.3333511352539,
        9.63665771484375,
        1
    ],
    "commL": [
        299.3333511352539,
        16.3133544921875,
        1
    ],
    "powderL": [
        492.00010681152344,
        16.313400268554688,
        1
    ],
    "trophyL": [
        394.33331298828125,
        1.29437255859375,
        1
    ],
    "corpseL": [
        667,
        13.3201904296875,
        1
    ],
    "customL": [
        3,
        109,
        1
    ],
    "modVer": "0.8.0",
    "lastMini": [],
    "-1": -1,
    "false": false,
    "true": true,
    "arg": 1465
}