{
    "1495": 1495,
    "first_time": false,
    "version": "0.9.6",
    "power": "Silky",
    "tuning": "155☠",
    "enrich": "46 on Ferocity",
    "mp": "1,552",
    "pet": "&6Scatha",
    "gummy": 0,
    "wisp": 0,
    "mobsHighlight": {
        "Skeleton": {
            "mobType": "monster",
            "hps": []
        }
    },
    "standList": [
        ""
    ],
    "playerList": [
        ""
    ],
    "lastMinis": [],
    "flare": {
        "kills": 0,
        "xp": 0,
        "vanqs": 0
    },
    "ftL": [
        88.33333587646484,
        255.34140014648438,
        1
    ],
    "champL": [
        481.6666679382324,
        191.578369140625,
        1
    ],
    "poisonL": [
        653,
        400,
        1
    ],
    "blazeL": [
        568.3333549499512,
        97.43603515625,
        1
    ],
    "clockL": [
        7,
        429,
        1.2000000000000002
    ],
    "visitorL": [
        454.6666793823242,
        11.973480224609375,
        1
    ],
    "miniL": [
        21,
        331.12261962890625,
        1
    ],
    "legionL": [
        4.333343505859375,
        102.85768127441406,
        1
    ],
    "gyroL": [
        252.33334350585938,
        231.3050537109375,
        1
    ],
    "keyGuardL": [
        15,
        250,
        1
    ],
    "manaL": [
        439.33332443237305,
        186.57078552246094,
        1
    ],
    "mobCountL": [
        15,
        250,
        1
    ],
    "statsL": [
        1.3333282470703125,
        4.2952423095703125,
        1
    ],
    "petL": [
        4.0000152587890625,
        75.06886291503906,
        1
    ],
    "bestiaryL": [
        145.66665649414062,
        8.301284790039062,
        1
    ],
    "cropL": [
        638.3333129882812,
        8.30126953125,
        1
    ],
    "pestL": [
        147.00001525878906,
        8.6351318359375,
        1
    ],
    "contestL": [
        313.3333511352539,
        9.63665771484375,
        1
    ],
    "commL": [
        297.66666412353516,
        27.33001708984375,
        1
    ],
    "powderL": [
        489.6667938232422,
        21.320999145507812,
        1
    ],
    "trophyL": [
        516,
        15.649444580078125,
        1
    ],
    "corpseL": [
        627,
        22,
        1
    ],
    "customL": [
        616,
        14.6358642578125,
        1
    ],
    "modVer": "0.8.0",
    "lastMini": [],
    "-1": -1,
    "false": false,
    "true": true,
    "arg": 1465
}